Commit_Date,domains,count
2014-06-30 00:00:00+00:00,bedafamily.com,49
2014-06-30 00:00:00+00:00,ctso.me,1
2014-06-30 00:00:00+00:00,dorseys.org,3
2014-06-30 00:00:00+00:00,eseth.com,1
2014-06-30 00:00:00+00:00,gmail.com,25
2014-06-30 00:00:00+00:00,golang.org,2
2014-06-30 00:00:00+00:00,google.com,455
2014-06-30 00:00:00+00:00,mspin.net,20
2014-06-30 00:00:00+00:00,ryanwalters.co,1
2014-06-30 00:00:00+00:00,spotify.com,2
2014-06-30 00:00:00+00:00,users.noreply.github.com,11
2014-07-31 00:00:00+00:00,coreos.com,4
2014-07-31 00:00:00+00:00,freigeist.org,2
2014-07-31 00:00:00+00:00,gmail.com,44
2014-07-31 00:00:00+00:00,golang.org,1
2014-07-31 00:00:00+00:00,google.com,458
2014-07-31 00:00:00+00:00,heartbeats.jp,1
2014-07-31 00:00:00+00:00,ishisystems.com,1
2014-07-31 00:00:00+00:00,labouisse.org,1
2014-07-31 00:00:00+00:00,live.com,10
2014-07-31 00:00:00+00:00,polvi.net,1
2014-07-31 00:00:00+00:00,redhat.com,97
2014-07-31 00:00:00+00:00,rightscale.com,1
2014-07-31 00:00:00+00:00,sebastian-mueller.net,1
2014-07-31 00:00:00+00:00,singlewire.com,1
2014-07-31 00:00:00+00:00,souza.cc,1
2014-07-31 00:00:00+00:00,tumblr.com,1
2014-07-31 00:00:00+00:00,users.noreply.github.com,1
2014-07-31 00:00:00+00:00,yugui.jp,12
2014-08-31 00:00:00+00:00,altalang.com,2
2014-08-31 00:00:00+00:00,alwaysmovefast.com,1
2014-08-31 00:00:00+00:00,bedafamily.com,38
2014-08-31 00:00:00+00:00,box.com,2
2014-08-31 00:00:00+00:00,coreos.com,2
2014-08-31 00:00:00+00:00,gmail.com,22
2014-08-31 00:00:00+00:00,google.com,401
2014-08-31 00:00:00+00:00,infosleuth.net,1
2014-08-31 00:00:00+00:00,ishisystems.com,3
2014-08-31 00:00:00+00:00,josephholsten.com,1
2014-08-31 00:00:00+00:00,live.com,5
2014-08-31 00:00:00+00:00,redhat.com,110
2014-08-31 00:00:00+00:00,rudd-o.com,1
2014-08-31 00:00:00+00:00,seanborman.com,1
2014-08-31 00:00:00+00:00,users.noreply.github.com,6
2014-08-31 00:00:00+00:00,vmware.com,6
2014-09-30 00:00:00+00:00,Kornisteui-MacBook-Pro.local,1
2014-09-30 00:00:00+00:00,andrewmichaelsmith.com,2
2014-09-30 00:00:00+00:00,bedafamily.com,65
2014-09-30 00:00:00+00:00,box.com,1
2014-09-30 00:00:00+00:00,chmouel.com,1
2014-09-30 00:00:00+00:00,coreos.com,3
2014-09-30 00:00:00+00:00,gl-systemhaus.de,1
2014-09-30 00:00:00+00:00,gmail.com,34
2014-09-30 00:00:00+00:00,google.com,345
2014-09-30 00:00:00+00:00,gurpartap.com,8
2014-09-30 00:00:00+00:00,live.com,2
2014-09-30 00:00:00+00:00,maestrodev.com,1
2014-09-30 00:00:00+00:00,minuteware.net,3
2014-09-30 00:00:00+00:00,redhat.com,86
2014-09-30 00:00:00+00:00,souza.cc,1
2014-09-30 00:00:00+00:00,users.noreply.github.com,8
2014-09-30 00:00:00+00:00,vmware.com,1
2014-10-31 00:00:00+00:00,accelerantmobile.com,6
2014-10-31 00:00:00+00:00,alwaysmovefast.com,2
2014-10-31 00:00:00+00:00,atish.info,1
2014-10-31 00:00:00+00:00,bedafamily.com,84
2014-10-31 00:00:00+00:00,box.com,7
2014-10-31 00:00:00+00:00,cloudware.it,1
2014-10-31 00:00:00+00:00,gmail.com,58
2014-10-31 00:00:00+00:00,google.com,438
2014-10-31 00:00:00+00:00,infosleuth.net,1
2014-10-31 00:00:00+00:00,inodes.org,4
2014-10-31 00:00:00+00:00,raintown.org,21
2014-10-31 00:00:00+00:00,redhat.com,139
2014-10-31 00:00:00+00:00,users.noreply.github.com,43
2014-10-31 00:00:00+00:00,verbum.org,1
2014-10-31 00:00:00+00:00,vmware.com,11
2014-10-31 00:00:00+00:00,webfilings.com,1
2014-10-31 00:00:00+00:00,xor.exchange,2
2014-11-30 00:00:00+00:00,andrewmichaelsmith.com,2
2014-11-30 00:00:00+00:00,bedafamily.com,67
2014-11-30 00:00:00+00:00,box.com,2
2014-11-30 00:00:00+00:00,devsisters.com,2
2014-11-30 00:00:00+00:00,dutchcoders.io,6
2014-11-30 00:00:00+00:00,external.mckinsey.com,1
2014-11-30 00:00:00+00:00,fabianofranz.com,1
2014-11-30 00:00:00+00:00,fathomdb.com,8
2014-11-30 00:00:00+00:00,gmail.com,79
2014-11-30 00:00:00+00:00,google.com,363
2014-11-30 00:00:00+00:00,hodduc.net,1
2014-11-30 00:00:00+00:00,inodes.org,4
2014-11-30 00:00:00+00:00,live.com,14
2014-11-30 00:00:00+00:00,me.com,2
2014-11-30 00:00:00+00:00,minuteware.net,1
2014-11-30 00:00:00+00:00,rackspace.com,1
2014-11-30 00:00:00+00:00,raintown.org,15
2014-11-30 00:00:00+00:00,redhat.com,92
2014-11-30 00:00:00+00:00,shaicoleman.com,1
2014-11-30 00:00:00+00:00,skedulo.com,2
2014-11-30 00:00:00+00:00,users.noreply.github.com,45
2014-11-30 00:00:00+00:00,vmware.com,1
2014-12-31 00:00:00+00:00,163.com,1
2014-12-31 00:00:00+00:00,adityapatawari.com,2
2014-12-31 00:00:00+00:00,amadeus.com,1
2014-12-31 00:00:00+00:00,bedafamily.com,49
2014-12-31 00:00:00+00:00,box.com,5
2014-12-31 00:00:00+00:00,clkao.org,1
2014-12-31 00:00:00+00:00,cn.ibm.com,1
2014-12-31 00:00:00+00:00,datawisesystems.com,1
2014-12-31 00:00:00+00:00,fathomdb.com,1
2014-12-31 00:00:00+00:00,gmail.com,40
2014-12-31 00:00:00+00:00,google.com,343
2014-12-31 00:00:00+00:00,inodes.org,1
2014-12-31 00:00:00+00:00,insiemenetworks.com,1
2014-12-31 00:00:00+00:00,ishisystems.com,3
2014-12-31 00:00:00+00:00,jameskyle.org,1
2014-12-31 00:00:00+00:00,kende.pl,1
2014-12-31 00:00:00+00:00,klarna.com,1
2014-12-31 00:00:00+00:00,kos.mx,1
2014-12-31 00:00:00+00:00,live.com,1
2014-12-31 00:00:00+00:00,manh.com,2
2014-12-31 00:00:00+00:00,mindscratch.org,1
2014-12-31 00:00:00+00:00,mjeffrey-macpro.kir.corp.google.com,3
2014-12-31 00:00:00+00:00,raintown.org,9
2014-12-31 00:00:00+00:00,redhat.com,94
2014-12-31 00:00:00+00:00,users.noreply.github.com,60
2014-12-31 00:00:00+00:00,yahoo.com,6
2014-12-31 00:00:00+00:00,zarb.org,1
2014-12-31 00:00:00+00:00,zulily.com,4
2015-01-31 00:00:00+00:00,163.com,1
2015-01-31 00:00:00+00:00,aas.io,2
2015-01-31 00:00:00+00:00,amadeus.com,1
2015-01-31 00:00:00+00:00,bedafamily.com,53
2015-01-31 00:00:00+00:00,box.com,3
2015-01-31 00:00:00+00:00,fabianofranz.com,1
2015-01-31 00:00:00+00:00,fathomdb.com,12
2015-01-31 00:00:00+00:00,gmail.com,108
2015-01-31 00:00:00+00:00,google.com,533
2015-01-31 00:00:00+00:00,hotmail.com,5
2015-01-31 00:00:00+00:00,huawei.com,2
2015-01-31 00:00:00+00:00,infosleuth.net,1
2015-01-31 00:00:00+00:00,may.lt,1
2015-01-31 00:00:00+00:00,miyake.me,1
2015-01-31 00:00:00+00:00,php.net,1
2015-01-31 00:00:00+00:00,qq.com,1
2015-01-31 00:00:00+00:00,raintown.org,56
2015-01-31 00:00:00+00:00,redhat.com,155
2015-01-31 00:00:00+00:00,teads.tv,2
2015-01-31 00:00:00+00:00,users.noreply.github.com,64
2015-01-31 00:00:00+00:00,verbum.org,1
2015-01-31 00:00:00+00:00,zulily.com,7
2015-02-28 00:00:00+00:00,163.com,1
2015-02-28 00:00:00+00:00,amadeus.com,10
2015-02-28 00:00:00+00:00,apache.org,20
2015-02-28 00:00:00+00:00,bedafamily.com,5
2015-02-28 00:00:00+00:00,box.com,2
2015-02-28 00:00:00+00:00,connectifier.com,1
2015-02-28 00:00:00+00:00,coreos.com,17
2015-02-28 00:00:00+00:00,datawisesystems.com,1
2015-02-28 00:00:00+00:00,endocode.com,1
2015-02-28 00:00:00+00:00,fabianofranz.com,1
2015-02-28 00:00:00+00:00,fabioy-macbookpro2.roam.corp.google.com,1
2015-02-28 00:00:00+00:00,fathomdb.com,12
2015-02-28 00:00:00+00:00,gmail.com,186
2015-02-28 00:00:00+00:00,google.com,627
2015-02-28 00:00:00+00:00,hjfreyer.com,1
2015-02-28 00:00:00+00:00,hotmail.com,1
2015-02-28 00:00:00+00:00,ifup.org,1
2015-02-28 00:00:00+00:00,jameskyle.org,1
2015-02-28 00:00:00+00:00,may.lt,1
2015-02-28 00:00:00+00:00,nine.net,1
2015-02-28 00:00:00+00:00,oakleon.com,1
2015-02-28 00:00:00+00:00,oncenter.com,1
2015-02-28 00:00:00+00:00,pcservice.co.za,1
2015-02-28 00:00:00+00:00,raintown.org,19
2015-02-28 00:00:00+00:00,redhat.com,186
2015-02-28 00:00:00+00:00,users.noreply.github.com,100
2015-02-28 00:00:00+00:00,zulily.com,1
2015-03-31 00:00:00+00:00,126.com,3
2015-03-31 00:00:00+00:00,amadeus.com,18
2015-03-31 00:00:00+00:00,apache.org,6
2015-03-31 00:00:00+00:00,box.com,5
2015-03-31 00:00:00+00:00,canonical.com,1
2015-03-31 00:00:00+00:00,coreos.com,22
2015-03-31 00:00:00+00:00,dasroot.net,4
2015-03-31 00:00:00+00:00,datawisesystems.com,1
2015-03-31 00:00:00+00:00,dymitruk.com,1
2015-03-31 00:00:00+00:00,ebay.com,1
2015-03-31 00:00:00+00:00,endocode.com,1
2015-03-31 00:00:00+00:00,fabioy-macbookpro2.roam.corp.google.com,1
2015-03-31 00:00:00+00:00,fathomdb.com,53
2015-03-31 00:00:00+00:00,gmail.com,161
2015-03-31 00:00:00+00:00,google.com,992
2015-03-31 00:00:00+00:00,hds.com,5
2015-03-31 00:00:00+00:00,hotmail.com,1
2015-03-31 00:00:00+00:00,huawei.com,1
2015-03-31 00:00:00+00:00,ie.suberic.net,3
2015-03-31 00:00:00+00:00,ifup.org,1
2015-03-31 00:00:00+00:00,ilin.dn.ua,1
2015-03-31 00:00:00+00:00,inodes.org,6
2015-03-31 00:00:00+00:00,insiemenetworks.com,1
2015-03-31 00:00:00+00:00,ishisystems.com,4
2015-03-31 00:00:00+00:00,kismatic.io,1
2015-03-31 00:00:00+00:00,marcelhauf.name,1
2015-03-31 00:00:00+00:00,mikelnelson.net,1
2015-03-31 00:00:00+00:00,outlook.com,6
2015-03-31 00:00:00+00:00,pcx.io,3
2015-03-31 00:00:00+00:00,quinton-macbookpro.roam.corp.google.com,1
2015-03-31 00:00:00+00:00,raintown.org,29
2015-03-31 00:00:00+00:00,redhat.com,217
2015-03-31 00:00:00+00:00,reformi.st,9
2015-03-31 00:00:00+00:00,users.noreply.github.com,160
2015-03-31 00:00:00+00:00,yahoo.com,1
2015-04-30 00:00:00+00:00,163.com,6
2015-04-30 00:00:00+00:00,amadeus.com,3
2015-04-30 00:00:00+00:00,apache.org,18
2015-04-30 00:00:00+00:00,box.com,8
2015-04-30 00:00:00+00:00,canonical.com,21
2015-04-30 00:00:00+00:00,chees.info,1
2015-04-30 00:00:00+00:00,columbia.edu,1
2015-04-30 00:00:00+00:00,connectifier.com,4
2015-04-30 00:00:00+00:00,coreos.com,45
2015-04-30 00:00:00+00:00,datawisesystems.com,2
2015-04-30 00:00:00+00:00,endocode.com,2
2015-04-30 00:00:00+00:00,fabianofranz.com,1
2015-04-30 00:00:00+00:00,fathomdb.com,55
2015-04-30 00:00:00+00:00,gmail.com,191
2015-04-30 00:00:00+00:00,gnulinux.net,3
2015-04-30 00:00:00+00:00,google.com,967
2015-04-30 00:00:00+00:00,hotmail.com,2
2015-04-30 00:00:00+00:00,huawei.com,4
2015-04-30 00:00:00+00:00,inodes.org,1
2015-04-30 00:00:00+00:00,interubernet.com,1
2015-04-30 00:00:00+00:00,kismatic.io,6
2015-04-30 00:00:00+00:00,mesosphere.io,7
2015-04-30 00:00:00+00:00,morethanseven.net,1
2015-04-30 00:00:00+00:00,outlook.com,1
2015-04-30 00:00:00+00:00,php.net,1
2015-04-30 00:00:00+00:00,raintown.org,6
2015-04-30 00:00:00+00:00,redhat.com,260
2015-04-30 00:00:00+00:00,reformi.st,2
2015-04-30 00:00:00+00:00,tech9computers.com,1
2015-04-30 00:00:00+00:00,users.noreply.github.com,163
2015-04-30 00:00:00+00:00,zju.edu.cn,1
2015-05-31 00:00:00+00:00,163.com,1
2015-05-31 00:00:00+00:00,apache.org,15
2015-05-31 00:00:00+00:00,canonical.com,5
2015-05-31 00:00:00+00:00,columbia.edu,1
2015-05-31 00:00:00+00:00,coreos.com,24
2015-05-31 00:00:00+00:00,dasroot.net,2
2015-05-31 00:00:00+00:00,dollarshaveclub.com,1
2015-05-31 00:00:00+00:00,emergingstack.com,1
2015-05-31 00:00:00+00:00,endocode.com,1
2015-05-31 00:00:00+00:00,esigetel.net,1
2015-05-31 00:00:00+00:00,fathomdb.com,39
2015-05-31 00:00:00+00:00,gmail.com,115
2015-05-31 00:00:00+00:00,google.com,1129
2015-05-31 00:00:00+00:00,hotmail.com,4
2015-05-31 00:00:00+00:00,huawei.com,6
2015-05-31 00:00:00+00:00,ifup.org,2
2015-05-31 00:00:00+00:00,irian.at,5
2015-05-31 00:00:00+00:00,kismatic.io,14
2015-05-31 00:00:00+00:00,kprobst-macbookair2.roam.corp.google.com,1
2015-05-31 00:00:00+00:00,live.com,1
2015-05-31 00:00:00+00:00,lollyrock.com,1
2015-05-31 00:00:00+00:00,lvlv.email,2
2015-05-31 00:00:00+00:00,marhubi.com,1
2015-05-31 00:00:00+00:00,operable.io,1
2015-05-31 00:00:00+00:00,rackspace.com,1
2015-05-31 00:00:00+00:00,raintown.org,6
2015-05-31 00:00:00+00:00,redhat.com,255
2015-05-31 00:00:00+00:00,reformi.st,4
2015-05-31 00:00:00+00:00,schaffer.me,2
2015-05-31 00:00:00+00:00,springer.com,2
2015-05-31 00:00:00+00:00,tech9computers.com,1
2015-05-31 00:00:00+00:00,users.noreply.github.com,87
2015-05-31 00:00:00+00:00,xq3.net,1
2015-05-31 00:00:00+00:00,yahoo.gr,7
2015-05-31 00:00:00+00:00,zju.edu.cn,3
2015-06-30 00:00:00+00:00,99cloud.net,1
2015-06-30 00:00:00+00:00,amadeus.com,3
2015-06-30 00:00:00+00:00,apache.org,11
2015-06-30 00:00:00+00:00,ben-hanna.com,1
2015-06-30 00:00:00+00:00,canonical.com,1
2015-06-30 00:00:00+00:00,connectifier.com,1
2015-06-30 00:00:00+00:00,coreos.com,8
2015-06-30 00:00:00+00:00,cyrusbio.com,1
2015-06-30 00:00:00+00:00,dilvie.com,1
2015-06-30 00:00:00+00:00,epcostello.com,1
2015-06-30 00:00:00+00:00,fabianofranz.com,1
2015-06-30 00:00:00+00:00,fathomdb.com,60
2015-06-30 00:00:00+00:00,freeformers.com,1
2015-06-30 00:00:00+00:00,gmail.com,127
2015-06-30 00:00:00+00:00,google.com,1016
2015-06-30 00:00:00+00:00,hotmail.com,3
2015-06-30 00:00:00+00:00,huawei.com,14
2015-06-30 00:00:00+00:00,illinois.edu,1
2015-06-30 00:00:00+00:00,infosleuth.net,1
2015-06-30 00:00:00+00:00,inodes.org,4
2015-06-30 00:00:00+00:00,irian.at,1
2015-06-30 00:00:00+00:00,kismatic.io,8
2015-06-30 00:00:00+00:00,mesosphere.io,31
2015-06-30 00:00:00+00:00,perljedi.com,1
2015-06-30 00:00:00+00:00,prokoschenko.de,1
2015-06-30 00:00:00+00:00,rackspace.com,1
2015-06-30 00:00:00+00:00,raintown.org,91
2015-06-30 00:00:00+00:00,redhat.com,153
2015-06-30 00:00:00+00:00,the-kramers.net,1
2015-06-30 00:00:00+00:00,upmc.edu,1
2015-06-30 00:00:00+00:00,users.noreply.github.com,250
2015-06-30 00:00:00+00:00,ustream.tv,1
2015-06-30 00:00:00+00:00,yahoo.gr,9
2015-06-30 00:00:00+00:00,zju.edu.cn,1
2015-07-31 00:00:00+00:00,163.com,1
2015-07-31 00:00:00+00:00,amadeus.com,1
2015-07-31 00:00:00+00:00,apache.org,5
2015-07-31 00:00:00+00:00,bedafamily.com,6
2015-07-31 00:00:00+00:00,beefdisciple.com,1
2015-07-31 00:00:00+00:00,coreos.com,1
2015-07-31 00:00:00+00:00,cornell.edu,1
2015-07-31 00:00:00+00:00,csh.rit.edu,1
2015-07-31 00:00:00+00:00,dasroot.net,1
2015-07-31 00:00:00+00:00,epcostello.com,2
2015-07-31 00:00:00+00:00,fathomdb.com,44
2015-07-31 00:00:00+00:00,gmail.com,275
2015-07-31 00:00:00+00:00,google.com,1083
2015-07-31 00:00:00+00:00,hotmail.com,3
2015-07-31 00:00:00+00:00,huawei.com,12
2015-07-31 00:00:00+00:00,jameskyle.org,1
2015-07-31 00:00:00+00:00,kismatic.io,2
2015-07-31 00:00:00+00:00,mamikonyan.am,2
2015-07-31 00:00:00+00:00,mediamath.com,1
2015-07-31 00:00:00+00:00,mesosphere.io,5
2015-07-31 00:00:00+00:00,metaswitch.com,3
2015-07-31 00:00:00+00:00,navercorp.com,1
2015-07-31 00:00:00+00:00,oakleon.com,1
2015-07-31 00:00:00+00:00,praisechaos.com,1
2015-07-31 00:00:00+00:00,puppetlabs.com,2
2015-07-31 00:00:00+00:00,qse.no,2
2015-07-31 00:00:00+00:00,redhat.com,107
2015-07-31 00:00:00+00:00,uninett.no,3
2015-07-31 00:00:00+00:00,users.noreply.github.com,147
2015-07-31 00:00:00+00:00,vianett.no,1
2015-07-31 00:00:00+00:00,vt.edu,2
2015-07-31 00:00:00+00:00,way2clever.com,1
2015-07-31 00:00:00+00:00,winged.kiwi,1
2015-07-31 00:00:00+00:00,yahoo.com,2
2015-07-31 00:00:00+00:00,yahoo.gr,2
2015-07-31 00:00:00+00:00,yahoo.it,1
2015-07-31 00:00:00+00:00,zju.edu.cn,6
2015-08-31 00:00:00+00:00,adeoservices.com,1
2015-08-31 00:00:00+00:00,alexwlchan.net,1
2015-08-31 00:00:00+00:00,amadeus.com,6
2015-08-31 00:00:00+00:00,appeartv.com,1
2015-08-31 00:00:00+00:00,benincosa.com,2
2015-08-31 00:00:00+00:00,brosner.com,1
2015-08-31 00:00:00+00:00,canonical.com,4
2015-08-31 00:00:00+00:00,cmss.chinamobile.com,1
2015-08-31 00:00:00+00:00,connectifier.com,1
2015-08-31 00:00:00+00:00,coreos.com,19
2015-08-31 00:00:00+00:00,discoposse.com,1
2015-08-31 00:00:00+00:00,ebay.com,3
2015-08-31 00:00:00+00:00,epcostello.com,2
2015-08-31 00:00:00+00:00,fathomdb.com,15
2015-08-31 00:00:00+00:00,flbab.com,1
2015-08-31 00:00:00+00:00,fox.dumbain.net,1
2015-08-31 00:00:00+00:00,fredjean.net,1
2015-08-31 00:00:00+00:00,gmail.com,246
2015-08-31 00:00:00+00:00,gmx.de,1
2015-08-31 00:00:00+00:00,google.com,755
2015-08-31 00:00:00+00:00,huawei.com,55
2015-08-31 00:00:00+00:00,ilin.dn.ua,1
2015-08-31 00:00:00+00:00,illinois.edu,1
2015-08-31 00:00:00+00:00,informaticslab.co.uk,2
2015-08-31 00:00:00+00:00,interlix.com,2
2015-08-31 00:00:00+00:00,juniper.net,2
2015-08-31 00:00:00+00:00,kismatic.io,3
2015-08-31 00:00:00+00:00,lvlv.email,2
2015-08-31 00:00:00+00:00,mamikonyan.am,1
2015-08-31 00:00:00+00:00,mesosphere.io,14
2015-08-31 00:00:00+00:00,metaswitch.com,4
2015-08-31 00:00:00+00:00,mvdan.cc,2
2015-08-31 00:00:00+00:00,navercorp.com,1
2015-08-31 00:00:00+00:00,orange.com,2
2015-08-31 00:00:00+00:00,paral.in,1
2015-08-31 00:00:00+00:00,praisechaos.com,3
2015-08-31 00:00:00+00:00,raintown.org,17
2015-08-31 00:00:00+00:00,redhat.com,187
2015-08-31 00:00:00+00:00,tmrts.com,2
2015-08-31 00:00:00+00:00,try2.se,1
2015-08-31 00:00:00+00:00,univa.com,1
2015-08-31 00:00:00+00:00,users.noreply.github.com,38
2015-08-31 00:00:00+00:00,xoom.com,1
2015-08-31 00:00:00+00:00,yahoo.com,1
2015-08-31 00:00:00+00:00,yahoo.gr,4
2015-08-31 00:00:00+00:00,zendesk.com,1
2015-08-31 00:00:00+00:00,zju.edu.cn,8
2015-09-30 00:00:00+00:00,alexwlchan.net,1
2015-09-30 00:00:00+00:00,amadeus.com,6
2015-09-30 00:00:00+00:00,apache.org,5
2015-09-30 00:00:00+00:00,bodgit-n-scarper.com,1
2015-09-30 00:00:00+00:00,box.com,4
2015-09-30 00:00:00+00:00,canonical.com,1
2015-09-30 00:00:00+00:00,coreos.com,10
2015-09-30 00:00:00+00:00,defensative.com,4
2015-09-30 00:00:00+00:00,ebay.com,2
2015-09-30 00:00:00+00:00,engineyard.com,3
2015-09-30 00:00:00+00:00,epixa.com,1
2015-09-30 00:00:00+00:00,fathomdb.com,3
2015-09-30 00:00:00+00:00,froese.org,1
2015-09-30 00:00:00+00:00,gmail.com,419
2015-09-30 00:00:00+00:00,google.com,668
2015-09-30 00:00:00+00:00,huawei.com,114
2015-09-30 00:00:00+00:00,iconectiv.com,1
2015-09-30 00:00:00+00:00,isi.nc,1
2015-09-30 00:00:00+00:00,jimmycuadra.com,1
2015-09-30 00:00:00+00:00,krypton.io,1
2015-09-30 00:00:00+00:00,mesosphere.io,14
2015-09-30 00:00:00+00:00,metaswitch.com,3
2015-09-30 00:00:00+00:00,mikelnelson.net,1
2015-09-30 00:00:00+00:00,mvdan.cc,13
2015-09-30 00:00:00+00:00,orange.com,1
2015-09-30 00:00:00+00:00,praisechaos.com,1
2015-09-30 00:00:00+00:00,rancher.com,1
2015-09-30 00:00:00+00:00,redhat.com,159
2015-09-30 00:00:00+00:00,sap.com,2
2015-09-30 00:00:00+00:00,squareup.com,3
2015-09-30 00:00:00+00:00,swine.de,1
2015-09-30 00:00:00+00:00,tmrts.com,6
2015-09-30 00:00:00+00:00,upmc.edu,1
2015-09-30 00:00:00+00:00,users.noreply.github.com,75
2015-09-30 00:00:00+00:00,whitepages.com,1
2015-09-30 00:00:00+00:00,yahoo.gr,2
2015-09-30 00:00:00+00:00,zju.edu.cn,19
2015-10-31 00:00:00+00:00,AndySpohn.com,1
2015-10-31 00:00:00+00:00,apache.org,4
2015-10-31 00:00:00+00:00,beldougie.com,1
2015-10-31 00:00:00+00:00,bharr.is,1
2015-10-31 00:00:00+00:00,canonical.com,2
2015-10-31 00:00:00+00:00,coreos.com,10
2015-10-31 00:00:00+00:00,est.fujitsu.com,2
2015-10-31 00:00:00+00:00,fathomdb.com,18
2015-10-31 00:00:00+00:00,gatech.edu,1
2015-10-31 00:00:00+00:00,gmail.com,637
2015-10-31 00:00:00+00:00,google.com,739
2015-10-31 00:00:00+00:00,hp.com,1
2015-10-31 00:00:00+00:00,huawei.com,42
2015-10-31 00:00:00+00:00,mesosphere.io,15
2015-10-31 00:00:00+00:00,metaswitch.com,1
2015-10-31 00:00:00+00:00,paral.in,2
2015-10-31 00:00:00+00:00,redhat.com,143
2015-10-31 00:00:00+00:00,sap.com,1
2015-10-31 00:00:00+00:00,sharethis.com,1
2015-10-31 00:00:00+00:00,squareup.com,3
2015-10-31 00:00:00+00:00,swine.de,1
2015-10-31 00:00:00+00:00,upmc.edu,1
2015-10-31 00:00:00+00:00,users.noreply.github.com,25
2015-10-31 00:00:00+00:00,walmartlabs.com,1
2015-10-31 00:00:00+00:00,wehnerortega.net,1
2015-10-31 00:00:00+00:00,yahoo-inc.com,2
2015-10-31 00:00:00+00:00,yahoo.com,1
2015-10-31 00:00:00+00:00,zju.edu.cn,17
2015-11-30 00:00:00+00:00,amadeus.com,3
2015-11-30 00:00:00+00:00,apache.org,5
2015-11-30 00:00:00+00:00,appformix.com,1
2015-11-30 00:00:00+00:00,bedafamily.com,3
2015-11-30 00:00:00+00:00,coreos.com,6
2015-11-30 00:00:00+00:00,datawisesystems.com,1
2015-11-30 00:00:00+00:00,engineyard.com,1
2015-11-30 00:00:00+00:00,est.fujitsu.com,2
2015-11-30 00:00:00+00:00,fathomdb.com,13
2015-11-30 00:00:00+00:00,gatech.edu,1
2015-11-30 00:00:00+00:00,gmail.com,637
2015-11-30 00:00:00+00:00,google.com,384
2015-11-30 00:00:00+00:00,huawei.com,34
2015-11-30 00:00:00+00:00,icloud.com,1
2015-11-30 00:00:00+00:00,inovex.de,2
2015-11-30 00:00:00+00:00,live.cn,1
2015-11-30 00:00:00+00:00,lm-shc-00950210.corp.ebay.com,1
2015-11-30 00:00:00+00:00,mesosphere.io,20
2015-11-30 00:00:00+00:00,metaswitch.com,2
2015-11-30 00:00:00+00:00,outlook.com,1
2015-11-30 00:00:00+00:00,paral.in,3
2015-11-30 00:00:00+00:00,prettyrobots.com,1
2015-11-30 00:00:00+00:00,redhat.com,105
2015-11-30 00:00:00+00:00,rwell.org,1
2015-11-30 00:00:00+00:00,schuirmann.net,1
2015-11-30 00:00:00+00:00,upmc.edu,1
2015-11-30 00:00:00+00:00,us.ibm.com,1
2015-11-30 00:00:00+00:00,users.noreply.github.com,15
2015-11-30 00:00:00+00:00,weave.works,1
2015-11-30 00:00:00+00:00,yahoo-inc.com,1
2015-11-30 00:00:00+00:00,yahoo.com,3
2015-11-30 00:00:00+00:00,zju.edu.cn,20
2015-12-31 00:00:00+00:00,163.com,1
2015-12-31 00:00:00+00:00,amadeus.com,4
2015-12-31 00:00:00+00:00,apache.org,4
2015-12-31 00:00:00+00:00,appformix.com,2
2015-12-31 00:00:00+00:00,backha.us,1
2015-12-31 00:00:00+00:00,box.com,1
2015-12-31 00:00:00+00:00,coit.es,2
2015-12-31 00:00:00+00:00,coreos.com,17
2015-12-31 00:00:00+00:00,endocode.com,6
2015-12-31 00:00:00+00:00,epcostello.com,1
2015-12-31 00:00:00+00:00,est.fujitsu.com,2
2015-12-31 00:00:00+00:00,fathomdb.com,5
2015-12-31 00:00:00+00:00,freeletics.com,1
2015-12-31 00:00:00+00:00,gatech.edu,1
2015-12-31 00:00:00+00:00,gmail.com,499
2015-12-31 00:00:00+00:00,google.com,485
2015-12-31 00:00:00+00:00,hotmail.co.uk,4
2015-12-31 00:00:00+00:00,hpe.com,2
2015-12-31 00:00:00+00:00,huawei.com,15
2015-12-31 00:00:00+00:00,lm-shc-00950210.corp.ebay.com,4
2015-12-31 00:00:00+00:00,mamikonyan.am,1
2015-12-31 00:00:00+00:00,mesosphere.io,16
2015-12-31 00:00:00+00:00,mvdan.cc,1
2015-12-31 00:00:00+00:00,nflabs.com,1
2015-12-31 00:00:00+00:00,orange.com,1
2015-12-31 00:00:00+00:00,outlook.com,2
2015-12-31 00:00:00+00:00,potential.co.uk,1
2015-12-31 00:00:00+00:00,r-vn.org,1
2015-12-31 00:00:00+00:00,redhat.com,91
2015-12-31 00:00:00+00:00,spencerbrown.org,1
2015-12-31 00:00:00+00:00,spotify.com,1
2015-12-31 00:00:00+00:00,tmrts.com,5
2015-12-31 00:00:00+00:00,users.noreply.github.com,23
2015-12-31 00:00:00+00:00,virdata.com,1
2015-12-31 00:00:00+00:00,weave.works,1
2015-12-31 00:00:00+00:00,yahoo.com,1
2015-12-31 00:00:00+00:00,zju.edu.cn,12
2016-01-31 00:00:00+00:00,amadeus.com,4
2016-01-31 00:00:00+00:00,apache.org,2
2016-01-31 00:00:00+00:00,apcera.com,4
2016-01-31 00:00:00+00:00,appformix.com,1
2016-01-31 00:00:00+00:00,augello.be,1
2016-01-31 00:00:00+00:00,bookmyshow.com,1
2016-01-31 00:00:00+00:00,born2code.net,1
2016-01-31 00:00:00+00:00,chinadtrace.org,1
2016-01-31 00:00:00+00:00,clarifai.com,5
2016-01-31 00:00:00+00:00,clusterhq.com,1
2016-01-31 00:00:00+00:00,coreos.com,16
2016-01-31 00:00:00+00:00,databricks.com,1
2016-01-31 00:00:00+00:00,defensative.com,2
2016-01-31 00:00:00+00:00,ebay.com,1
2016-01-31 00:00:00+00:00,endocode.com,2
2016-01-31 00:00:00+00:00,faille.io,2
2016-01-31 00:00:00+00:00,fathomdb.com,34
2016-01-31 00:00:00+00:00,gmail.com,386
2016-01-31 00:00:00+00:00,google.com,522
2016-01-31 00:00:00+00:00,hotmail.co.uk,6
2016-01-31 00:00:00+00:00,hotmail.com,1
2016-01-31 00:00:00+00:00,huawei.com,1
2016-01-31 00:00:00+00:00,jettsang.com,1
2016-01-31 00:00:00+00:00,lab.ntt.co.jp,1
2016-01-31 00:00:00+00:00,mamikonyan.am,1
2016-01-31 00:00:00+00:00,mesosphere.io,29
2016-01-31 00:00:00+00:00,mvdan.cc,2
2016-01-31 00:00:00+00:00,peek.com,2
2016-01-31 00:00:00+00:00,redhat.com,122
2016-01-31 00:00:00+00:00,schonfeld.org,2
2016-01-31 00:00:00+00:00,sky.uk,3
2016-01-31 00:00:00+00:00,us.ibm.com,5
2016-01-31 00:00:00+00:00,users.noreply.github.com,51
2016-01-31 00:00:00+00:00,vmware.com,1
2016-01-31 00:00:00+00:00,zju.edu.cn,13
2016-02-29 00:00:00+00:00,163.com,10
2016-02-29 00:00:00+00:00,ahead4.com,1
2016-02-29 00:00:00+00:00,am.so-aweso.me,1
2016-02-29 00:00:00+00:00,amadeus.com,1
2016-02-29 00:00:00+00:00,apache.org,6
2016-02-29 00:00:00+00:00,apcera.com,1
2016-02-29 00:00:00+00:00,appformix.com,1
2016-02-29 00:00:00+00:00,bedafamily.com,1
2016-02-29 00:00:00+00:00,box.com,2
2016-02-29 00:00:00+00:00,brosner.com,1
2016-02-29 00:00:00+00:00,clarifai.com,7
2016-02-29 00:00:00+00:00,coreos.com,12
2016-02-29 00:00:00+00:00,digitalocean.com,1
2016-02-29 00:00:00+00:00,ebay.com,2
2016-02-29 00:00:00+00:00,fathomdb.com,51
2016-02-29 00:00:00+00:00,gmail.com,718
2016-02-29 00:00:00+00:00,google.com,756
2016-02-29 00:00:00+00:00,hotmail.co.uk,8
2016-02-29 00:00:00+00:00,huawei.com,10
2016-02-29 00:00:00+00:00,iki.fi,1
2016-02-29 00:00:00+00:00,kinvolk.io,2
2016-02-29 00:00:00+00:00,krypton.io,1
2016-02-29 00:00:00+00:00,liggitt.net,1
2016-02-29 00:00:00+00:00,lodge.glasgownet.com,1
2016-02-29 00:00:00+00:00,mesosphere.io,18
2016-02-29 00:00:00+00:00,metaswitch.com,3
2016-02-29 00:00:00+00:00,myschuch.com,1
2016-02-29 00:00:00+00:00,ojolabs.com,2
2016-02-29 00:00:00+00:00,projectcalico.org,1
2016-02-29 00:00:00+00:00,r-vn.org,1
2016-02-29 00:00:00+00:00,redhat.com,185
2016-02-29 00:00:00+00:00,redspread.com,1
2016-02-29 00:00:00+00:00,sap.com,1
2016-02-29 00:00:00+00:00,sky.uk,3
2016-02-29 00:00:00+00:00,thinkstep.com,1
2016-02-29 00:00:00+00:00,ts.fujitsu.com,1
2016-02-29 00:00:00+00:00,us.ibm.com,8
2016-02-29 00:00:00+00:00,users.noreply.github.com,83
2016-02-29 00:00:00+00:00,vmware.com,1
2016-02-29 00:00:00+00:00,zju.edu.cn,4
2016-03-31 00:00:00+00:00,163.com,9
2016-03-31 00:00:00+00:00,amadeus.com,2
2016-03-31 00:00:00+00:00,apache.org,8
2016-03-31 00:00:00+00:00,appformix.com,1
2016-03-31 00:00:00+00:00,box.com,1
2016-03-31 00:00:00+00:00,cabine.org,1
2016-03-31 00:00:00+00:00,cern.ch,1
2016-03-31 00:00:00+00:00,cisco.com,1
2016-03-31 00:00:00+00:00,clarifai.com,2
2016-03-31 00:00:00+00:00,coreos.com,10
2016-03-31 00:00:00+00:00,cormann.biz,1
2016-03-31 00:00:00+00:00,dasroot.net,11
2016-03-31 00:00:00+00:00,ebay.com,3
2016-03-31 00:00:00+00:00,eoncloud.com.cn,2
2016-03-31 00:00:00+00:00,est.fujitsu.com,1
2016-03-31 00:00:00+00:00,fathomdb.com,39
2016-03-31 00:00:00+00:00,gmail.com,547
2016-03-31 00:00:00+00:00,gmx.co.uk,1
2016-03-31 00:00:00+00:00,golang.org,1
2016-03-31 00:00:00+00:00,google.com,546
2016-03-31 00:00:00+00:00,hotmail.co.uk,4
2016-03-31 00:00:00+00:00,huawei.com,2
2016-03-31 00:00:00+00:00,kayak.com,1
2016-03-31 00:00:00+00:00,kinvolk.io,1
2016-03-31 00:00:00+00:00,kukulinski.com,1
2016-03-31 00:00:00+00:00,mesosphere.io,2
2016-03-31 00:00:00+00:00,metaswitch.com,1
2016-03-31 00:00:00+00:00,outlook.com,2
2016-03-31 00:00:00+00:00,praisechaos.com,1
2016-03-31 00:00:00+00:00,randrmusic.com,1
2016-03-31 00:00:00+00:00,redhat.com,101
2016-03-31 00:00:00+00:00,sdfg.com.ar,2
2016-03-31 00:00:00+00:00,sky.uk,1
2016-03-31 00:00:00+00:00,suug.ch,2
2016-03-31 00:00:00+00:00,thinkstep.com,2
2016-03-31 00:00:00+00:00,tradesy.com,1
2016-03-31 00:00:00+00:00,us.ibm.com,7
2016-03-31 00:00:00+00:00,users.noreply.github.com,51
2016-03-31 00:00:00+00:00,vmware.com,2
2016-03-31 00:00:00+00:00,zcentric.com,1
2016-03-31 00:00:00+00:00,zju.edu.cn,11
2016-04-30 00:00:00+00:00,163.com,4
2016-04-30 00:00:00+00:00,ajohnstone.com,1
2016-04-30 00:00:00+00:00,amadeus.com,2
2016-04-30 00:00:00+00:00,apache.org,4
2016-04-30 00:00:00+00:00,apcera.com,3
2016-04-30 00:00:00+00:00,canonical.com,1
2016-04-30 00:00:00+00:00,cisco.com,2
2016-04-30 00:00:00+00:00,clarifai.com,1
2016-04-30 00:00:00+00:00,cn.ibm.com,1
2016-04-30 00:00:00+00:00,cnmconsulting.net,3
2016-04-30 00:00:00+00:00,coreos.com,19
2016-04-30 00:00:00+00:00,ctrlaltdel.ch,1
2016-04-30 00:00:00+00:00,cyso.com,1
2016-04-30 00:00:00+00:00,ebay.com,2
2016-04-30 00:00:00+00:00,est.fujitsu.com,1
2016-04-30 00:00:00+00:00,fathomdb.com,3
2016-04-30 00:00:00+00:00,fejta.com,3
2016-04-30 00:00:00+00:00,free.fr,1
2016-04-30 00:00:00+00:00,gmail.com,426
2016-04-30 00:00:00+00:00,gmx.co.uk,1
2016-04-30 00:00:00+00:00,golang.org,2
2016-04-30 00:00:00+00:00,google.com,330
2016-04-30 00:00:00+00:00,hotmail.co.uk,7
2016-04-30 00:00:00+00:00,hp.com,2
2016-04-30 00:00:00+00:00,hrboss.com,1
2016-04-30 00:00:00+00:00,huawei.com,3
2016-04-30 00:00:00+00:00,inovex.de,3
2016-04-30 00:00:00+00:00,intel.com,18
2016-04-30 00:00:00+00:00,jp.fujitsu.com,7
2016-04-30 00:00:00+00:00,mesosphere.io,1
2016-04-30 00:00:00+00:00,outlook.com,8
2016-04-30 00:00:00+00:00,paral.in,1
2016-04-30 00:00:00+00:00,redhat.com,120
2016-04-30 00:00:00+00:00,reevoo.com,1
2016-04-30 00:00:00+00:00,sky.uk,2
2016-04-30 00:00:00+00:00,thinkstep.com,1
2016-04-30 00:00:00+00:00,ts.fujitsu.com,5
2016-04-30 00:00:00+00:00,us.ibm.com,10
2016-04-30 00:00:00+00:00,users.noreply.github.com,13
2016-04-30 00:00:00+00:00,vmware.com,2
2016-04-30 00:00:00+00:00,zju.edu.cn,8
2016-04-30 00:00:00+00:00,zte.com.cn,1
2016-05-31 00:00:00+00:00,163.com,9
2016-05-31 00:00:00+00:00,advance-leap.com,2
2016-05-31 00:00:00+00:00,apache.org,4
2016-05-31 00:00:00+00:00,clarifai.com,12
2016-05-31 00:00:00+00:00,cnmconsulting.net,8
2016-05-31 00:00:00+00:00,coreos.com,59
2016-05-31 00:00:00+00:00,ctrlaltdel.ch,1
2016-05-31 00:00:00+00:00,ebay.com,1
2016-05-31 00:00:00+00:00,fathomdb.com,3
2016-05-31 00:00:00+00:00,gmail.com,603
2016-05-31 00:00:00+00:00,godaddy.com,1
2016-05-31 00:00:00+00:00,google.com,609
2016-05-31 00:00:00+00:00,googlemail.com,1
2016-05-31 00:00:00+00:00,hotmail.co.uk,13
2016-05-31 00:00:00+00:00,hp.com,12
2016-05-31 00:00:00+00:00,huawei.com,8
2016-05-31 00:00:00+00:00,icloud.com,7
2016-05-31 00:00:00+00:00,in.ibm.com,1
2016-05-31 00:00:00+00:00,inovex.de,2
2016-05-31 00:00:00+00:00,intel.com,2
2016-05-31 00:00:00+00:00,intoxitrack.net,1
2016-05-31 00:00:00+00:00,isi.nc,2
2016-05-31 00:00:00+00:00,jessfraz.com,1
2016-05-31 00:00:00+00:00,mattyw.net,1
2016-05-31 00:00:00+00:00,mirantis.com,6
2016-05-31 00:00:00+00:00,nowprovision.com,1
2016-05-31 00:00:00+00:00,oszi.one,2
2016-05-31 00:00:00+00:00,outlook.com,7
2016-05-31 00:00:00+00:00,qq.com,2
2016-05-31 00:00:00+00:00,redhat.com,248
2016-05-31 00:00:00+00:00,reevoo.com,1
2016-05-31 00:00:00+00:00,teralytics.ch,1
2016-05-31 00:00:00+00:00,thousandeyes.com,2
2016-05-31 00:00:00+00:00,tigera.io,2
2016-05-31 00:00:00+00:00,tmrts.com,4
2016-05-31 00:00:00+00:00,ts.fujitsu.com,1
2016-05-31 00:00:00+00:00,us.ibm.com,5
2016-05-31 00:00:00+00:00,users.noreply.github.com,13
2016-05-31 00:00:00+00:00,yahoo.com,2
2016-05-31 00:00:00+00:00,zju.edu.cn,2
2016-05-31 00:00:00+00:00,zte.com.cn,5
2016-06-30 00:00:00+00:00,163.com,4
2016-06-30 00:00:00+00:00,amadeus.com,1
2016-06-30 00:00:00+00:00,apcera.com,12
2016-06-30 00:00:00+00:00,appformix.com,2
2016-06-30 00:00:00+00:00,asymmetricventures.com,1
2016-06-30 00:00:00+00:00,clarifai.com,5
2016-06-30 00:00:00+00:00,coreos.com,46
2016-06-30 00:00:00+00:00,ebay.com,11
2016-06-30 00:00:00+00:00,fathomdb.com,13
2016-06-30 00:00:00+00:00,gmail.com,696
2016-06-30 00:00:00+00:00,godaddy.com,1
2016-06-30 00:00:00+00:00,google.com,550
2016-06-30 00:00:00+00:00,hotmail.co.uk,5
2016-06-30 00:00:00+00:00,hp.com,4
2016-06-30 00:00:00+00:00,hpe.com,2
2016-06-30 00:00:00+00:00,huawei.com,1
2016-06-30 00:00:00+00:00,ifup.org,3
2016-06-30 00:00:00+00:00,in.ibm.com,1
2016-06-30 00:00:00+00:00,inovex.de,2
2016-06-30 00:00:00+00:00,intel.com,1
2016-06-30 00:00:00+00:00,jing.io,1
2016-06-30 00:00:00+00:00,jsz-desk2.waw.corp.google.com,1
2016-06-30 00:00:00+00:00,metaswitch.com,1
2016-06-30 00:00:00+00:00,mirantis.com,9
2016-06-30 00:00:00+00:00,nowprovision.com,3
2016-06-30 00:00:00+00:00,outlook.com,1
2016-06-30 00:00:00+00:00,qq.com,2
2016-06-30 00:00:00+00:00,redhat.com,141
2016-06-30 00:00:00+00:00,swine.de,1
2016-06-30 00:00:00+00:00,tigera.io,3
2016-06-30 00:00:00+00:00,us.ibm.com,7
2016-06-30 00:00:00+00:00,users.noreply.github.com,3
2016-06-30 00:00:00+00:00,vmware.com,1
2016-06-30 00:00:00+00:00,yahoo.com,1
2016-06-30 00:00:00+00:00,zju.edu.cn,2
2016-06-30 00:00:00+00:00,zte.com.cn,15
2016-07-31 00:00:00+00:00,163.com,3
2016-07-31 00:00:00+00:00,advance-leap.com,1
2016-07-31 00:00:00+00:00,apache.org,2
2016-07-31 00:00:00+00:00,bengler.no,1
2016-07-31 00:00:00+00:00,canonical.com,1
2016-07-31 00:00:00+00:00,charliedrage.com,1
2016-07-31 00:00:00+00:00,clarifai.com,3
2016-07-31 00:00:00+00:00,coreos.com,17
2016-07-31 00:00:00+00:00,corp.netease.com,1
2016-07-31 00:00:00+00:00,endocode.com,1
2016-07-31 00:00:00+00:00,est.fujitsu.com,1
2016-07-31 00:00:00+00:00,fathomdb.com,10
2016-07-31 00:00:00+00:00,fejta.com,3
2016-07-31 00:00:00+00:00,gatech.edu,1
2016-07-31 00:00:00+00:00,gmail.com,675
2016-07-31 00:00:00+00:00,godaddy.com,1
2016-07-31 00:00:00+00:00,google.com,368
2016-07-31 00:00:00+00:00,hotmail.co.uk,4
2016-07-31 00:00:00+00:00,huawei.com,3
2016-07-31 00:00:00+00:00,hyper.sh,4
2016-07-31 00:00:00+00:00,inovex.de,1
2016-07-31 00:00:00+00:00,intel.com,2
2016-07-31 00:00:00+00:00,jessfraz.com,3
2016-07-31 00:00:00+00:00,mirantis.com,20
2016-07-31 00:00:00+00:00,outlook.com,4
2016-07-31 00:00:00+00:00,qq.com,1
2016-07-31 00:00:00+00:00,redhat.com,131
2016-07-31 00:00:00+00:00,returnpath.com,1
2016-07-31 00:00:00+00:00,salesforce.com,2
2016-07-31 00:00:00+00:00,sdfg.com.ar,2
2016-07-31 00:00:00+00:00,secful.com,1
2016-07-31 00:00:00+00:00,squareup.com,1
2016-07-31 00:00:00+00:00,tigera.io,4
2016-07-31 00:00:00+00:00,us.ibm.com,6
2016-07-31 00:00:00+00:00,users.noreply.github.com,12
2016-07-31 00:00:00+00:00,weave.works,9
2016-07-31 00:00:00+00:00,yeah.net,1
2016-07-31 00:00:00+00:00,zenly.co.uk,1
2016-07-31 00:00:00+00:00,zju.edu.cn,4
2016-07-31 00:00:00+00:00,zte.com.cn,71
2016-08-31 00:00:00+00:00,amadeus.com,1
2016-08-31 00:00:00+00:00,apprenda.com,2
2016-08-31 00:00:00+00:00,coreos.com,1
2016-08-31 00:00:00+00:00,gmail.com,5
2016-08-31 00:00:00+00:00,google.com,16
2016-08-31 00:00:00+00:00,inodes.org,1
2016-08-31 00:00:00+00:00,mirantis.com,1
2016-08-31 00:00:00+00:00,redhat.com,2
2016-08-31 00:00:00+00:00,reevoo.com,1
2016-08-31 00:00:00+00:00,weave.works,1
2016-08-31 00:00:00+00:00,zte.com.cn,6
